trimestre,habitual,efetivo
1,1.2893893011982926,1.2911529302740588
2,1.2765176991230855,1.285068960655145
3,1.2640597817853285,1.2642995680461055
4,1.2565128617961814,1.2601874921802974
